Name,Roll No,Subject,Cont Asses 1,Cont Asses 2,Tutorial Marks,Student Attendance,Teacher's Name,,Total Marks
Student 1,1,Abstract Algebra,23,29,6,71,Miss Johnson,,58
Student 2,2,Python Programming,16,19,5,73,Miss Johnson,,40
Student 3,3,Abstract Algebra,33,19,2,57,Mrs. White,,54
Student 4,4,Python Programming,37,22,1,61,Mr. Smith,,60
Student 5,5,Discrete Structures,26,25,7,47,Dr. Brown,,58
Student 6,6,Theory of Probability,21,34,0,92,Miss Johnson,,55
Student 7,7,Discrete Structures,25,30,1,22,Mrs. White,,56
Student 8,8,Theory of Probability,26,35,4,29,Mr. Smith,,65
Student 9,9,Python Programming,16,28,3,70,Mr. Smith,,47
Student 10,10,Abstract Algebra,11,16,0,73,Miss Johnson,,27
Student 11,11,Discrete Structures,13,33,7,94,Miss Johnson,,53
Student 12,12,Discrete Structures,23,20,1,66,Dr. Brown,,44
Student 13,13,Object Oriented Programming,23,24,7,94,Mr. Smith,,54
Student 14,14,Discrete Structures,22,29,3,79,Mrs. White,,54
Student 15,15,Object Oriented Programming,35,36,0,25,Mr. Smith,,71
Student 16,16,Abstract Algebra,11,17,3,90,Mr. Smith,,31
Student 17,17,Data Structures,30,37,0,79,Mr. Smith,,67
Student 18,18,Discrete Structures,14,28,6,81,Mrs. White,,48
Student 19,19,Data Structures,39,12,6,56,Mrs. White,,57
Student 20,20,Data Structures,33,36,6,79,Miss Johnson,,75
Student 21,21,Object Oriented Programming,36,10,2,40,Mrs. White,,48
Student 22,22,Theory of Probability,10,25,6,82,Dr. Brown,,41
Student 23,23,Discrete Structures,31,23,6,57,Mrs. White,,60
Student 24,24,Theory of Probability,35,37,4,97,Miss Johnson,,76
Student 25,25,Object Oriented Programming,11,16,4,41,Mr. Smith,,31
Student 26,26,Discrete Structures,26,30,7,72,Mrs. White,,63
Student 27,27,Discrete Structures,26,30,4,55,Mr. Smith,,60
Student 28,28,Data Structures,35,11,1,69,Mrs. White,,47
Student 29,29,Python Programming,31,38,1,46,Mrs. White,,70
Student 30,30,Object Oriented Programming,26,10,7,24,Mr. Smith,,43
Student 31,31,Python Programming,27,23,0,78,Mr. Smith,,50
Student 32,32,Theory of Probability,18,32,0,75,Dr. Brown,,50
Student 33,33,Object Oriented Programming,37,27,6,30,Mr. Smith,,70
Student 34,34,Object Oriented Programming,11,25,2,87,Mrs. White,,38
Student 35,35,Object Oriented Programming,39,31,6,34,Dr. Brown,,76
Student 36,36,Theory of Probability,24,14,6,35,Mrs. White,,44
Student 37,37,Data Structures,12,12,6,35,Mrs. White,,30
Student 38,38,Data Structures,32,17,7,81,Mr. Smith,,56
Student 39,39,Abstract Algebra,38,19,4,59,Mrs. White,,61
Student 40,40,Python Programming,30,20,4,40,Mrs. White,,54
Student 41,41,Python Programming,37,23,5,63,Dr. Brown,,65
Student 42,42,Theory of Probability,27,35,7,69,Mr. Smith,,69
Student 43,43,Theory of Probability,34,24,0,65,Dr. Brown,,58
Student 44,44,Discrete Structures,12,19,0,28,Mrs. White,,31
Student 45,45,Python Programming,13,11,6,21,Mr. Smith,,30
Student 46,46,Data Structures,35,19,0,41,Mr. Smith,,54
Student 47,47,Discrete Structures,25,20,3,87,Mr. Smith,,48
Student 48,48,Python Programming,21,14,6,50,Dr. Brown,,41
Student 49,49,Theory of Probability,10,18,0,68,Mr. Smith,,28
Student 50,50,Discrete Structures,31,32,2,69,Dr. Brown,,65
Student 51,51,Abstract Algebra,26,21,6,90,Mr. Smith,,53
Student 52,52,Theory of Probability,26,22,4,81,Dr. Brown,,52
Student 53,53,Object Oriented Programming,24,27,0,42,Mr. Smith,,51
Student 54,54,Python Programming,19,22,3,38,Miss Johnson,,44
Student 55,55,Python Programming,30,36,6,29,Miss Johnson,,72
Student 56,56,Abstract Algebra,28,29,6,87,Mrs. White,,63
Student 57,57,Data Structures,12,18,6,52,Mr. Smith,,36
Student 58,58,Theory of Probability,34,23,5,87,Mrs. White,,62
Student 59,59,Python Programming,21,24,4,78,Dr. Brown,,49
Student 60,60,Discrete Structures,20,16,5,64,Mr. Smith,,41
Student 61,61,Theory of Probability,31,34,4,57,Mrs. White,,69
Student 62,62,Object Oriented Programming,28,28,6,39,Mr. Smith,,62
Student 63,63,Theory of Probability,33,26,1,66,Dr. Brown,,60
Student 64,64,Discrete Structures,32,22,6,33,Miss Johnson,,60
Student 65,65,Abstract Algebra,27,23,7,56,Miss Johnson,,57
Student 66,66,Abstract Algebra,39,21,2,39,Dr. Brown,,62
Student 67,67,Abstract Algebra,21,37,5,51,Mr. Smith,,63
Student 68,68,Discrete Structures,35,19,7,48,Mrs. White,,61
Student 69,69,Object Oriented Programming,36,26,4,69,Miss Johnson,,66
Student 70,70,Abstract Algebra,21,30,1,58,Mr. Smith,,52
Student 71,71,Theory of Probability,39,29,7,64,Miss Johnson,,75
Student 72,72,Object Oriented Programming,15,22,5,96,Mrs. White,,42
Student 73,73,Discrete Structures,33,15,6,54,Mr. Smith,,54
Student 74,74,Abstract Algebra,13,11,6,33,Mrs. White,,30
Student 75,75,Data Structures,17,31,6,76,Miss Johnson,,54
Student 76,76,Python Programming,16,12,3,29,Miss Johnson,,31
Student 77,77,Abstract Algebra,30,19,5,43,Mrs. White,,54
Student 78,78,Discrete Structures,14,35,7,22,Dr. Brown,,56
Student 79,79,Theory of Probability,10,27,4,33,Miss Johnson,,41
Student 80,80,Abstract Algebra,18,32,1,50,Mr. Smith,,51
Student 81,81,Theory of Probability,20,12,6,26,Dr. Brown,,38
Student 82,82,Theory of Probability,35,32,3,90,Miss Johnson,,70
Student 83,83,Theory of Probability,37,10,3,76,Mr. Smith,,50
Student 84,84,Theory of Probability,20,27,1,61,Mr. Smith,,48
Student 85,85,Python Programming,13,32,5,42,Dr. Brown,,50
Student 86,86,Data Structures,20,30,4,95,Dr. Brown,,54
Student 87,87,Theory of Probability,18,28,6,53,Dr. Brown,,52
Student 88,88,Python Programming,27,28,2,82,Miss Johnson,,57
Student 89,89,Discrete Structures,26,37,1,63,Mr. Smith,,64
Student 90,90,Theory of Probability,26,30,1,97,Mrs. White,,57
Student 91,91,Data Structures,10,21,5,20,Mr. Smith,,36
Student 92,92,Object Oriented Programming,24,28,1,46,Dr. Brown,,53
Student 93,93,Python Programming,28,26,6,20,Dr. Brown,,60
Student 94,94,Abstract Algebra,12,30,1,24,Miss Johnson,,43
Student 95,95,Discrete Structures,22,10,7,69,Mr. Smith,,39
Student 96,96,Object Oriented Programming,36,27,5,34,Miss Johnson,,68
Student 97,97,Data Structures,26,28,3,78,Miss Johnson,,57
Student 98,98,Data Structures,34,39,7,66,Miss Johnson,,80
Student 99,99,Discrete Structures,33,11,7,78,Mrs. White,,51
Student 100,100,Object Oriented Programming,19,38,4,42,Dr. Brown,,61
Student 101,101,Theory of Probability,13,33,6,41,Dr. Brown,,52
Student 102,102,Python Programming,20,12,4,68,Mr. Smith,,36
Student 103,103,Abstract Algebra,27,19,6,53,Mr. Smith,,52
Student 104,104,Discrete Structures,16,28,6,63,Mrs. White,,50
Student 105,105,Discrete Structures,18,29,3,79,Mrs. White,,50
Student 106,106,Abstract Algebra,16,23,0,37,Mr. Smith,,39
Student 107,107,Abstract Algebra,34,11,4,88,Mrs. White,,49
Student 108,108,Object Oriented Programming,19,38,7,63,Mr. Smith,,64
Student 109,109,Discrete Structures,25,16,5,30,Miss Johnson,,46
Student 110,110,Python Programming,23,28,2,69,Dr. Brown,,53
Student 111,111,Object Oriented Programming,30,18,4,79,Mrs. White,,52
Student 112,112,Object Oriented Programming,10,19,3,76,Dr. Brown,,32
Student 113,113,Theory of Probability,27,22,1,66,Mr. Smith,,50
Student 114,114,Theory of Probability,33,33,5,65,Mr. Smith,,71
Student 115,115,Python Programming,11,19,0,86,Miss Johnson,,30
Student 116,116,Object Oriented Programming,27,10,5,74,Dr. Brown,,42
Student 117,117,Data Structures,10,26,0,37,Miss Johnson,,36
Student 118,118,Theory of Probability,21,34,2,80,Miss Johnson,,57
Student 119,119,Theory of Probability,16,33,1,35,Mrs. White,,50
Student 120,120,Theory of Probability,11,10,3,45,Mrs. White,,24
Student 121,121,Data Structures,10,35,3,59,Miss Johnson,,48
Student 122,122,Python Programming,19,16,6,50,Mrs. White,,41
Student 123,123,Data Structures,13,32,2,44,Miss Johnson,,47
Student 124,124,Data Structures,36,22,3,97,Mr. Smith,,61
Student 125,125,Abstract Algebra,30,20,4,46,Mr. Smith,,54
Student 126,126,Object Oriented Programming,17,39,6,22,Dr. Brown,,62
Student 127,127,Python Programming,13,38,6,62,Mr. Smith,,57
Student 128,128,Object Oriented Programming,13,31,0,73,Mrs. White,,44
Student 129,129,Discrete Structures,34,23,1,45,Mrs. White,,58
Student 130,130,Abstract Algebra,27,34,5,52,Mr. Smith,,66
Student 131,131,Python Programming,21,13,3,48,Mr. Smith,,37
Student 132,132,Discrete Structures,22,31,6,54,Mr. Smith,,59
Student 133,133,Object Oriented Programming,27,24,4,76,Dr. Brown,,55
Student 134,134,Theory of Probability,14,23,6,36,Mr. Smith,,43
Student 135,135,Discrete Structures,13,22,1,92,Mrs. White,,36
Student 136,136,Python Programming,30,14,4,80,Dr. Brown,,48
Student 137,137,Discrete Structures,19,36,7,91,Mrs. White,,62
Student 138,138,Abstract Algebra,22,30,3,99,Dr. Brown,,55
Student 139,139,Abstract Algebra,19,23,6,89,Mrs. White,,48
Student 140,140,Theory of Probability,21,31,3,21,Dr. Brown,,55
Student 141,141,Data Structures,16,17,1,89,Mr. Smith,,34
Student 142,142,Theory of Probability,24,30,5,88,Miss Johnson,,59
Student 143,143,Python Programming,39,20,5,41,Dr. Brown,,64
Student 144,144,Theory of Probability,27,30,5,78,Mrs. White,,62
Student 145,145,Theory of Probability,36,24,6,30,Mr. Smith,,66
Student 146,146,Python Programming,16,18,3,37,Mrs. White,,37
Student 147,147,Discrete Structures,21,39,3,95,Miss Johnson,,63
Student 148,148,Theory of Probability,27,26,7,34,Dr. Brown,,60
Student 149,149,Theory of Probability,24,12,6,54,Mrs. White,,42
Student 150,150,Theory of Probability,13,12,6,29,Mr. Smith,,31
Student 151,151,Discrete Structures,32,13,5,97,Dr. Brown,,50
Student 152,152,Abstract Algebra,38,16,7,30,Miss Johnson,,61
Student 153,153,Python Programming,34,17,1,70,Mr. Smith,,52
Student 154,154,Abstract Algebra,26,26,3,72,Mrs. White,,55
Student 155,155,Object Oriented Programming,18,37,4,35,Miss Johnson,,59
Student 156,156,Object Oriented Programming,11,13,1,26,Dr. Brown,,25
Student 157,157,Discrete Structures,38,27,5,37,Miss Johnson,,70
Student 158,158,Data Structures,10,38,3,96,Mr. Smith,,51
Student 159,159,Python Programming,38,32,6,75,Dr. Brown,,76
Student 160,160,Object Oriented Programming,18,21,4,98,Mr. Smith,,43
Student 161,161,Theory of Probability,33,16,1,52,Mr. Smith,,50
Student 162,162,Theory of Probability,13,24,3,57,Mrs. White,,40
Student 163,163,Abstract Algebra,21,38,3,96,Mr. Smith,,62
Student 164,164,Abstract Algebra,19,11,6,83,Miss Johnson,,36
Student 165,165,Data Structures,25,16,1,46,Mrs. White,,42
Student 166,166,Discrete Structures,18,12,4,49,Miss Johnson,,34
Student 167,167,Discrete Structures,20,26,0,82,Mrs. White,,46
Student 168,168,Python Programming,30,17,7,45,Mr. Smith,,54
Student 169,169,Abstract Algebra,19,10,2,32,Dr. Brown,,31
Student 170,170,Python Programming,21,26,4,58,Mr. Smith,,51
Student 171,171,Discrete Structures,22,28,7,41,Mr. Smith,,57
Student 172,172,Theory of Probability,25,34,2,73,Mrs. White,,61
Student 173,173,Data Structures,22,13,5,53,Mr. Smith,,40
Student 174,174,Abstract Algebra,34,23,2,21,Mrs. White,,59
Student 175,175,Theory of Probability,17,23,2,22,Mr. Smith,,42
Student 176,176,Python Programming,11,38,5,83,Mr. Smith,,54
Student 177,177,Abstract Algebra,35,35,3,65,Mrs. White,,73
Student 178,178,Data Structures,35,31,1,44,Miss Johnson,,67
Student 179,179,Abstract Algebra,17,12,0,61,Miss Johnson,,29
Student 180,180,Python Programming,14,20,0,64,Dr. Brown,,34
Student 181,181,Theory of Probability,19,31,7,56,Mrs. White,,57
Student 182,182,Discrete Structures,23,25,3,61,Mr. Smith,,51
Student 183,183,Data Structures,35,21,2,42,Mrs. White,,58
Student 184,184,Object Oriented Programming,12,14,3,38,Dr. Brown,,29
Student 185,185,Data Structures,33,14,7,44,Miss Johnson,,54
Student 186,186,Data Structures,35,34,0,33,Mrs. White,,69
Student 187,187,Abstract Algebra,15,25,6,94,Mrs. White,,46
Student 188,188,Theory of Probability,22,34,3,81,Dr. Brown,,59
Student 189,189,Abstract Algebra,23,25,5,94,Mrs. White,,53
Student 190,190,Data Structures,18,39,0,76,Mr. Smith,,57
Student 191,191,Theory of Probability,32,17,3,29,Dr. Brown,,52
Student 192,192,Abstract Algebra,11,38,1,86,Mr. Smith,,50
Student 193,193,Abstract Algebra,10,17,1,97,Miss Johnson,,28
Student 194,194,Abstract Algebra,23,21,2,62,Mrs. White,,46
Student 195,195,Data Structures,21,20,2,50,Dr. Brown,,43
Student 196,196,Object Oriented Programming,33,22,3,88,Miss Johnson,,58
Student 197,197,Abstract Algebra,19,24,4,53,Mr. Smith,,47
Student 198,198,Object Oriented Programming,13,10,7,28,Miss Johnson,,30
Student 199,199,Python Programming,38,27,1,53,Mrs. White,,66
Student 200,200,Object Oriented Programming,19,12,5,35,Mr. Smith,,36
Student 201,201,Object Oriented Programming,28,31,5,59,Mrs. White,,64
Student 202,202,Theory of Probability,20,33,5,79,Dr. Brown,,58
Student 203,203,Object Oriented Programming,35,20,6,55,Mr. Smith,,61
Student 204,204,Theory of Probability,21,17,7,27,Miss Johnson,,45
Student 205,205,Discrete Structures,30,20,2,31,Miss Johnson,,52
Student 206,206,Python Programming,31,27,0,82,Mr. Smith,,58
Student 207,207,Abstract Algebra,27,31,2,37,Dr. Brown,,60
Student 208,208,Theory of Probability,34,11,2,43,Dr. Brown,,47
Student 209,209,Theory of Probability,28,29,0,95,Dr. Brown,,57
Student 210,210,Discrete Structures,30,29,5,74,Dr. Brown,,64
Student 211,211,Discrete Structures,38,32,4,89,Mr. Smith,,74
Student 212,212,Object Oriented Programming,14,36,4,76,Mrs. White,,54
Student 213,213,Abstract Algebra,37,18,2,32,Mrs. White,,57
Student 214,214,Object Oriented Programming,30,27,7,93,Mr. Smith,,64
Student 215,215,Abstract Algebra,25,22,4,75,Dr. Brown,,51
Student 216,216,Python Programming,36,36,6,47,Dr. Brown,,78
Student 217,217,Data Structures,23,25,0,78,Dr. Brown,,48
Student 218,218,Theory of Probability,36,18,2,69,Mrs. White,,56
Student 219,219,Theory of Probability,35,27,4,34,Miss Johnson,,66
Student 220,220,Python Programming,25,36,7,76,Miss Johnson,,68
Student 221,221,Theory of Probability,33,16,4,67,Dr. Brown,,53
Student 222,222,Data Structures,35,32,4,51,Dr. Brown,,71
Student 223,223,Abstract Algebra,17,21,4,58,Miss Johnson,,42
Student 224,224,Discrete Structures,18,22,0,41,Mr. Smith,,40
Student 225,225,Discrete Structures,31,26,1,91,Dr. Brown,,58
Student 226,226,Abstract Algebra,21,39,6,72,Mr. Smith,,66
Student 227,227,Abstract Algebra,31,11,5,74,Miss Johnson,,47
Student 228,228,Data Structures,19,25,6,55,Miss Johnson,,50
Student 229,229,Discrete Structures,32,36,1,86,Mrs. White,,69
Student 230,230,Theory of Probability,33,29,3,28,Miss Johnson,,65
Student 231,231,Data Structures,31,34,4,69,Mr. Smith,,69
Student 232,232,Object Oriented Programming,13,31,7,61,Mrs. White,,51
Student 233,233,Data Structures,19,29,5,52,Miss Johnson,,53
Student 234,234,Discrete Structures,33,10,1,99,Mrs. White,,44
Student 235,235,Discrete Structures,35,24,7,92,Miss Johnson,,66
Student 236,236,Discrete Structures,34,10,3,25,Dr. Brown,,47
Student 237,237,Object Oriented Programming,22,10,7,64,Mr. Smith,,39
Student 238,238,Discrete Structures,13,17,7,65,Mr. Smith,,37
Student 239,239,Theory of Probability,16,26,0,51,Mr. Smith,,42
Student 240,240,Python Programming,27,25,6,36,Mr. Smith,,58
Student 241,241,Python Programming,29,28,6,54,Mr. Smith,,63
Student 242,242,Abstract Algebra,17,27,2,29,Dr. Brown,,46
Student 243,243,Python Programming,37,21,7,57,Miss Johnson,,65
Student 244,244,Object Oriented Programming,33,13,5,63,Mr. Smith,,51
Student 245,245,Discrete Structures,32,12,5,56,Mrs. White,,49
Student 246,246,Python Programming,23,12,4,91,Dr. Brown,,39
Student 247,247,Discrete Structures,34,38,2,93,Mrs. White,,74
Student 248,248,Object Oriented Programming,39,13,6,73,Dr. Brown,,58
Student 249,249,Discrete Structures,32,23,0,53,Dr. Brown,,55
Student 250,250,Discrete Structures,28,35,4,50,Mr. Smith,,67
Student 251,251,Discrete Structures,28,25,2,67,Miss Johnson,,55
Student 252,252,Python Programming,15,16,0,85,Dr. Brown,,31
Student 253,253,Theory of Probability,13,36,4,78,Mr. Smith,,53
Student 254,254,Discrete Structures,19,18,0,66,Mr. Smith,,37
Student 255,255,Object Oriented Programming,14,38,5,92,Miss Johnson,,57
Student 256,256,Data Structures,19,30,0,66,Mr. Smith,,49
Student 257,257,Data Structures,12,36,3,40,Dr. Brown,,51
Student 258,258,Theory of Probability,25,16,6,29,Mr. Smith,,47
Student 259,259,Theory of Probability,24,28,5,43,Mrs. White,,57
Student 260,260,Data Structures,30,31,6,36,Mrs. White,,67
Student 261,261,Data Structures,13,35,2,69,Dr. Brown,,50
Student 262,262,Discrete Structures,16,30,3,49,Miss Johnson,,49
Student 263,263,Object Oriented Programming,15,28,3,78,Dr. Brown,,46
Student 264,264,Abstract Algebra,35,10,7,46,Mr. Smith,,52
Student 265,265,Discrete Structures,27,31,2,38,Miss Johnson,,60
Student 266,266,Python Programming,14,27,2,83,Mr. Smith,,43
Student 267,267,Data Structures,38,31,1,99,Dr. Brown,,70
Student 268,268,Data Structures,19,14,1,71,Mrs. White,,34
Student 269,269,Abstract Algebra,22,25,6,42,Miss Johnson,,53
Student 270,270,Theory of Probability,15,13,0,49,Miss Johnson,,28
Student 271,271,Python Programming,23,31,3,40,Mrs. White,,57
Student 272,272,Object Oriented Programming,30,16,1,90,Mr. Smith,,47
Student 273,273,Discrete Structures,30,14,7,62,Mrs. White,,51
Student 274,274,Data Structures,18,30,2,79,Mrs. White,,50
Student 275,275,Object Oriented Programming,39,33,1,35,Mrs. White,,73
Student 276,276,Abstract Algebra,22,12,5,38,Mrs. White,,39
Student 277,277,Abstract Algebra,25,10,4,72,Mr. Smith,,39
Student 278,278,Python Programming,34,26,7,33,Mr. Smith,,67
Student 279,279,Object Oriented Programming,14,35,0,43,Mr. Smith,,49
Student 280,280,Abstract Algebra,37,25,7,96,Mr. Smith,,69
Student 281,281,Object Oriented Programming,14,17,4,76,Dr. Brown,,35
Student 282,282,Python Programming,33,28,4,69,Mr. Smith,,65
Student 283,283,Theory of Probability,33,24,0,82,Miss Johnson,,57
Student 284,284,Python Programming,19,25,6,37,Mr. Smith,,50
Student 285,285,Python Programming,14,14,3,39,Mr. Smith,,31
Student 286,286,Theory of Probability,39,36,0,59,Mr. Smith,,75
Student 287,287,Data Structures,26,22,1,85,Dr. Brown,,49
Student 288,288,Abstract Algebra,32,28,0,50,Dr. Brown,,60
Student 289,289,Discrete Structures,12,23,4,50,Dr. Brown,,39
Student 290,290,Theory of Probability,24,12,4,97,Miss Johnson,,40
Student 291,291,Python Programming,25,36,6,85,Dr. Brown,,67
Student 292,292,Python Programming,30,24,2,30,Miss Johnson,,56
Student 293,293,Python Programming,26,26,6,51,Dr. Brown,,58
Student 294,294,Object Oriented Programming,30,37,7,68,Mrs. White,,74
Student 295,295,Object Oriented Programming,14,28,7,64,Mrs. White,,49
Student 296,296,Abstract Algebra,14,35,4,34,Mr. Smith,,53
Student 297,297,Abstract Algebra,14,39,6,94,Mr. Smith,,59
Student 298,298,Python Programming,23,16,2,38,Dr. Brown,,41
Student 299,299,Object Oriented Programming,14,20,0,55,Mrs. White,,34
Student 300,300,Discrete Structures,17,10,1,96,Miss Johnson,,28
Student 301,301,Discrete Structures,39,28,1,35,Miss Johnson,,68
Student 302,302,Abstract Algebra,39,39,3,94,Mr. Smith,,81
Student 303,303,Object Oriented Programming,17,38,0,98,Mrs. White,,55
Student 304,304,Data Structures,18,29,1,65,Dr. Brown,,48
Student 305,305,Python Programming,29,23,3,58,Dr. Brown,,55
Student 306,306,Abstract Algebra,18,28,5,55,Mrs. White,,51
Student 307,307,Data Structures,14,24,4,21,Mrs. White,,42
Student 308,308,Python Programming,33,34,2,84,Dr. Brown,,69
Student 309,309,Theory of Probability,34,18,7,65,Miss Johnson,,59
Student 310,310,Object Oriented Programming,35,17,4,91,Dr. Brown,,56
Student 311,311,Object Oriented Programming,20,14,4,56,Mr. Smith,,38
Student 312,312,Object Oriented Programming,32,20,5,94,Mrs. White,,57
Student 313,313,Data Structures,30,15,6,64,Mr. Smith,,51
Student 314,314,Theory of Probability,19,30,5,47,Mr. Smith,,54
Student 315,315,Abstract Algebra,36,20,2,40,Miss Johnson,,58
Student 316,316,Theory of Probability,25,26,0,65,Mr. Smith,,51
Student 317,317,Discrete Structures,28,19,3,48,Mrs. White,,50
Student 318,318,Object Oriented Programming,20,37,2,64,Dr. Brown,,59
Student 319,319,Abstract Algebra,17,26,0,82,Mrs. White,,43
Student 320,320,Abstract Algebra,31,14,0,38,Mr. Smith,,45
Student 321,321,Python Programming,26,34,2,29,Mr. Smith,,62
Student 322,322,Abstract Algebra,29,14,0,76,Miss Johnson,,43
Student 323,323,Discrete Structures,12,12,6,57,Mr. Smith,,30
Student 324,324,Python Programming,28,20,5,67,Mr. Smith,,53
Student 325,325,Abstract Algebra,30,38,6,97,Dr. Brown,,74
Student 326,326,Object Oriented Programming,32,27,3,38,Dr. Brown,,62
Student 327,327,Discrete Structures,33,11,0,69,Miss Johnson,,44
Student 328,328,Theory of Probability,38,21,2,73,Mr. Smith,,61
Student 329,329,Abstract Algebra,16,22,6,43,Dr. Brown,,44
Student 330,330,Python Programming,30,18,0,61,Mr. Smith,,48
Student 331,331,Theory of Probability,27,30,2,59,Mr. Smith,,59
Student 332,332,Python Programming,21,12,5,55,Mrs. White,,38
Student 333,333,Abstract Algebra,27,25,6,38,Miss Johnson,,58
Student 334,334,Theory of Probability,30,12,2,30,Mrs. White,,44
Student 335,335,Python Programming,32,16,0,34,Mr. Smith,,48
Student 336,336,Python Programming,18,39,4,95,Mr. Smith,,61
Student 337,337,Python Programming,14,23,6,45,Mrs. White,,43
Student 338,338,Object Oriented Programming,11,31,2,55,Miss Johnson,,44
Student 339,339,Data Structures,15,32,0,69,Mr. Smith,,47
Student 340,340,Data Structures,26,24,3,42,Mr. Smith,,53
Student 341,341,Theory of Probability,18,32,0,29,Mr. Smith,,50
Student 342,342,Discrete Structures,34,37,6,69,Dr. Brown,,77
Student 343,343,Abstract Algebra,11,14,6,90,Miss Johnson,,31
Student 344,344,Python Programming,27,28,6,62,Miss Johnson,,61
Student 345,345,Object Oriented Programming,21,32,6,25,Mr. Smith,,59
Student 346,346,Data Structures,27,14,4,50,Mr. Smith,,45
Student 347,347,Data Structures,17,38,6,63,Mr. Smith,,61
Student 348,348,Object Oriented Programming,23,17,2,96,Mr. Smith,,42
Student 349,349,Object Oriented Programming,36,26,1,31,Mrs. White,,63
Student 350,350,Object Oriented Programming,18,35,3,67,Miss Johnson,,56
Student 351,351,Theory of Probability,39,26,5,39,Mrs. White,,70
Student 352,352,Object Oriented Programming,13,29,5,95,Mrs. White,,47
Student 353,353,Discrete Structures,25,16,0,70,Mrs. White,,41
Student 354,354,Data Structures,15,23,1,50,Dr. Brown,,39
Student 355,355,Python Programming,17,26,3,46,Dr. Brown,,46
Student 356,356,Python Programming,16,29,3,66,Mr. Smith,,48
Student 357,357,Python Programming,22,17,7,51,Dr. Brown,,46
Student 358,358,Data Structures,30,33,2,43,Dr. Brown,,65
Student 359,359,Data Structures,15,34,7,34,Miss Johnson,,56
Student 360,360,Theory of Probability,12,17,1,51,Mr. Smith,,30
Student 361,361,Theory of Probability,12,11,4,41,Miss Johnson,,27
Student 362,362,Abstract Algebra,35,34,0,66,Dr. Brown,,69
Student 363,363,Python Programming,35,35,0,37,Dr. Brown,,70
Student 364,364,Data Structures,16,21,0,38,Miss Johnson,,37
Student 365,365,Discrete Structures,36,21,1,85,Dr. Brown,,58
Student 366,366,Theory of Probability,19,30,0,52,Mrs. White,,49
Student 367,367,Object Oriented Programming,17,20,7,83,Mrs. White,,44
Student 368,368,Theory of Probability,28,20,1,62,Mr. Smith,,49
Student 369,369,Python Programming,37,29,2,47,Dr. Brown,,68
Student 370,370,Data Structures,35,18,5,56,Miss Johnson,,58
Student 371,371,Abstract Algebra,27,23,7,41,Miss Johnson,,57
Student 372,372,Abstract Algebra,21,10,6,94,Miss Johnson,,37
Student 373,373,Theory of Probability,23,11,6,61,Miss Johnson,,40
Student 374,374,Theory of Probability,20,16,0,76,Mrs. White,,36
Student 375,375,Abstract Algebra,21,21,7,46,Dr. Brown,,49
Student 376,376,Discrete Structures,14,22,0,76,Mrs. White,,36
Student 377,377,Python Programming,36,20,3,85,Mrs. White,,59
Student 378,378,Data Structures,17,19,4,92,Miss Johnson,,40
Student 379,379,Data Structures,10,33,7,47,Dr. Brown,,50
Student 380,380,Theory of Probability,25,22,6,84,Miss Johnson,,53
Student 381,381,Python Programming,20,39,0,82,Mrs. White,,59
Student 382,382,Data Structures,27,30,2,58,Mr. Smith,,59
Student 383,383,Theory of Probability,37,23,0,70,Mr. Smith,,60
Student 384,384,Discrete Structures,39,26,2,75,Dr. Brown,,67
Student 385,385,Abstract Algebra,30,27,5,23,Mr. Smith,,62
Student 386,386,Data Structures,33,19,7,51,Miss Johnson,,59
Student 387,387,Object Oriented Programming,11,23,5,82,Dr. Brown,,39
Student 388,388,Theory of Probability,37,28,5,93,Dr. Brown,,70
Student 389,389,Abstract Algebra,15,10,0,34,Dr. Brown,,25
Student 390,390,Abstract Algebra,10,20,5,88,Mrs. White,,35
Student 391,391,Data Structures,24,31,0,98,Dr. Brown,,55
Student 392,392,Abstract Algebra,29,36,3,50,Mr. Smith,,68
Student 393,393,Discrete Structures,25,13,2,41,Mrs. White,,40
Student 394,394,Theory of Probability,12,23,4,38,Miss Johnson,,39
Student 395,395,Theory of Probability,12,19,1,87,Miss Johnson,,32
Student 396,396,Object Oriented Programming,21,12,5,68,Mr. Smith,,38
Student 397,397,Object Oriented Programming,24,16,7,75,Mrs. White,,47
Student 398,398,Theory of Probability,11,37,3,97,Dr. Brown,,51
Student 399,399,Python Programming,13,17,4,91,Mrs. White,,34
Student 400,400,Discrete Structures,39,34,4,85,Mrs. White,,77
Student 401,401,Data Structures,22,14,1,63,Dr. Brown,,37
Student 402,402,Discrete Structures,39,28,4,70,Mrs. White,,71
Student 403,403,Theory of Probability,14,23,7,79,Miss Johnson,,44
Student 404,404,Theory of Probability,21,39,3,23,Mrs. White,,63
Student 405,405,Object Oriented Programming,27,11,5,76,Miss Johnson,,43
Student 406,406,Abstract Algebra,13,12,1,22,Dr. Brown,,26
Student 407,407,Python Programming,23,38,3,30,Dr. Brown,,64
Student 408,408,Data Structures,21,18,5,42,Dr. Brown,,44
Student 409,409,Object Oriented Programming,19,37,5,43,Mr. Smith,,61
Student 410,410,Discrete Structures,10,10,5,47,Dr. Brown,,25
Student 411,411,Object Oriented Programming,14,24,6,70,Mr. Smith,,44
Student 412,412,Python Programming,11,17,6,60,Miss Johnson,,34
Student 413,413,Object Oriented Programming,29,23,2,54,Dr. Brown,,54
Student 414,414,Python Programming,36,30,5,74,Dr. Brown,,71
Student 415,415,Object Oriented Programming,10,30,5,74,Mrs. White,,45
Student 416,416,Data Structures,27,37,1,55,Miss Johnson,,65
Student 417,417,Abstract Algebra,17,35,4,30,Miss Johnson,,56
Student 418,418,Object Oriented Programming,33,35,6,68,Mr. Smith,,74
Student 419,419,Data Structures,12,17,3,31,Dr. Brown,,32
Student 420,420,Abstract Algebra,23,23,6,34,Mrs. White,,52
Student 421,421,Discrete Structures,22,10,4,31,Mrs. White,,36
Student 422,422,Python Programming,25,30,7,70,Mrs. White,,62
Student 423,423,Theory of Probability,27,37,4,99,Dr. Brown,,68
Student 424,424,Theory of Probability,10,18,1,76,Dr. Brown,,29
Student 425,425,Discrete Structures,28,15,1,62,Mr. Smith,,44
Student 426,426,Theory of Probability,39,22,3,91,Dr. Brown,,64
Student 427,427,Python Programming,17,11,7,44,Mrs. White,,35
Student 428,428,Python Programming,31,34,4,50,Dr. Brown,,69
Student 429,429,Data Structures,32,33,1,77,Mr. Smith,,66
Student 430,430,Abstract Algebra,16,28,6,64,Mrs. White,,50
Student 431,431,Object Oriented Programming,12,32,1,62,Miss Johnson,,45
Student 432,432,Data Structures,12,35,3,22,Dr. Brown,,50
Student 433,433,Python Programming,12,22,2,23,Mrs. White,,36
Student 434,434,Data Structures,13,37,2,20,Dr. Brown,,52
Student 435,435,Discrete Structures,23,18,1,66,Miss Johnson,,42
Student 436,436,Python Programming,33,25,3,48,Mrs. White,,61
Student 437,437,Abstract Algebra,16,26,7,45,Miss Johnson,,49
Student 438,438,Object Oriented Programming,32,33,2,74,Mr. Smith,,67
Student 439,439,Abstract Algebra,35,20,2,65,Miss Johnson,,57
Student 440,440,Discrete Structures,14,17,5,41,Mr. Smith,,36
Student 441,441,Abstract Algebra,38,31,0,71,Miss Johnson,,69
Student 442,442,Discrete Structures,19,26,2,95,Mrs. White,,47
Student 443,443,Data Structures,36,28,2,49,Mr. Smith,,66
Student 444,444,Theory of Probability,11,20,7,36,Mrs. White,,38
Student 445,445,Object Oriented Programming,12,16,7,91,Mrs. White,,35
Student 446,446,Python Programming,14,13,6,24,Dr. Brown,,33
Student 447,447,Python Programming,20,31,7,21,Miss Johnson,,58
Student 448,448,Object Oriented Programming,37,11,5,47,Mrs. White,,53
Student 449,449,Data Structures,33,27,0,39,Mr. Smith,,60
Student 450,450,Discrete Structures,17,34,2,45,Dr. Brown,,53
Student 451,451,Python Programming,13,14,4,76,Mrs. White,,31
Student 452,452,Theory of Probability,28,15,0,54,Mr. Smith,,43
Student 453,453,Theory of Probability,13,24,7,29,Miss Johnson,,44
Student 454,454,Object Oriented Programming,15,20,4,65,Miss Johnson,,39
Student 455,455,Python Programming,33,15,3,86,Mrs. White,,51
Student 456,456,Discrete Structures,22,29,0,35,Miss Johnson,,51
Student 457,457,Abstract Algebra,24,18,1,98,Mr. Smith,,43
Student 458,458,Python Programming,17,16,5,57,Dr. Brown,,38
Student 459,459,Object Oriented Programming,31,39,3,85,Mrs. White,,73
Student 460,460,Discrete Structures,37,36,1,44,Miss Johnson,,74
Student 461,461,Data Structures,27,12,4,99,Mr. Smith,,43
Student 462,462,Discrete Structures,33,17,0,68,Mrs. White,,50
Student 463,463,Discrete Structures,36,32,1,63,Mr. Smith,,69
Student 464,464,Object Oriented Programming,10,18,2,55,Miss Johnson,,30
Student 465,465,Theory of Probability,22,11,3,52,Mrs. White,,36
Student 466,466,Abstract Algebra,32,39,0,83,Mr. Smith,,71
Student 467,467,Data Structures,20,34,2,83,Dr. Brown,,56
Student 468,468,Theory of Probability,30,10,1,92,Dr. Brown,,41
Student 469,469,Abstract Algebra,24,36,0,84,Miss Johnson,,60
Student 470,470,Discrete Structures,24,25,5,60,Dr. Brown,,54
Student 471,471,Data Structures,21,25,6,59,Mrs. White,,52
Student 472,472,Data Structures,10,14,4,54,Miss Johnson,,28
Student 473,473,Object Oriented Programming,36,13,4,88,Mr. Smith,,53
Student 474,474,Theory of Probability,34,32,3,62,Mrs. White,,69
Student 475,475,Data Structures,32,20,7,46,Mrs. White,,59
Student 476,476,Theory of Probability,29,39,6,51,Miss Johnson,,74
Student 477,477,Discrete Structures,30,23,5,67,Miss Johnson,,58
Student 478,478,Theory of Probability,28,23,2,91,Miss Johnson,,53
Student 479,479,Discrete Structures,16,16,5,71,Mrs. White,,37
Student 480,480,Discrete Structures,26,36,2,29,Miss Johnson,,64
Student 481,481,Python Programming,25,25,1,64,Mrs. White,,51
Student 482,482,Python Programming,34,34,4,73,Dr. Brown,,72
Student 483,483,Data Structures,24,20,2,86,Dr. Brown,,46
Student 484,484,Discrete Structures,25,17,7,83,Mrs. White,,49
Student 485,485,Data Structures,36,24,3,33,Mr. Smith,,63
Student 486,486,Discrete Structures,39,18,4,54,Mr. Smith,,61
Student 487,487,Object Oriented Programming,34,37,5,51,Miss Johnson,,76
Student 488,488,Theory of Probability,23,35,7,77,Mr. Smith,,65
Student 489,489,Object Oriented Programming,26,25,0,64,Dr. Brown,,51
Student 490,490,Theory of Probability,25,18,2,88,Dr. Brown,,45
Student 491,491,Discrete Structures,21,15,7,62,Mrs. White,,43
Student 492,492,Data Structures,34,14,2,63,Mrs. White,,50
Student 493,493,Theory of Probability,25,31,4,87,Mrs. White,,60
Student 494,494,Object Oriented Programming,19,35,2,26,Mrs. White,,56
Student 495,495,Theory of Probability,10,12,3,87,Miss Johnson,,25
Student 496,496,Theory of Probability,33,13,4,34,Miss Johnson,,50
Student 497,497,Object Oriented Programming,14,11,3,42,Mr. Smith,,28
Student 498,498,Abstract Algebra,20,38,7,38,Mr. Smith,,65
Student 499,499,Python Programming,27,10,0,47,Mrs. White,,37
Student 500,500,Abstract Algebra,10,31,4,70,Mr. Smith,,45
Student 501,501,Data Structures,38,27,7,61,Mrs. White,,72
Student 502,502,Data Structures,18,14,2,33,Mrs. White,,34
Student 503,503,Object Oriented Programming,23,15,1,39,Dr. Brown,,39
Student 504,504,Data Structures,15,28,3,66,Mrs. White,,46
Student 505,505,Data Structures,13,29,0,36,Mr. Smith,,42
Student 506,506,Theory of Probability,39,17,3,49,Mrs. White,,59
Student 507,507,Object Oriented Programming,22,12,1,81,Mrs. White,,35
Student 508,508,Theory of Probability,22,19,6,49,Mr. Smith,,47
Student 509,509,Object Oriented Programming,11,16,6,54,Mr. Smith,,33
Student 510,510,Python Programming,33,39,0,88,Dr. Brown,,72
Student 511,511,Discrete Structures,15,17,2,98,Miss Johnson,,34
Student 512,512,Data Structures,18,11,1,37,Mr. Smith,,30
Student 513,513,Data Structures,15,33,7,90,Mrs. White,,55
Student 514,514,Python Programming,27,33,0,68,Miss Johnson,,60
Student 515,515,Data Structures,33,27,7,24,Dr. Brown,,67
Student 516,516,Data Structures,24,28,3,26,Miss Johnson,,55
Student 517,517,Discrete Structures,19,39,5,75,Miss Johnson,,63
Student 518,518,Python Programming,35,27,1,25,Dr. Brown,,63
Student 519,519,Discrete Structures,26,19,6,74,Mrs. White,,51
Student 520,520,Object Oriented Programming,11,37,6,41,Mr. Smith,,54
Student 521,521,Abstract Algebra,34,24,0,86,Dr. Brown,,58
Student 522,522,Abstract Algebra,19,29,4,62,Miss Johnson,,52
Student 523,523,Data Structures,17,35,5,78,Mrs. White,,57
Student 524,524,Discrete Structures,20,23,6,50,Mr. Smith,,49
Student 525,525,Object Oriented Programming,17,28,2,56,Mrs. White,,47
Student 526,526,Object Oriented Programming,29,31,5,67,Mrs. White,,65
Student 527,527,Discrete Structures,26,19,7,84,Miss Johnson,,52
Student 528,528,Abstract Algebra,30,29,6,58,Mr. Smith,,65
Student 529,529,Abstract Algebra,11,30,4,84,Mrs. White,,45
Student 530,530,Discrete Structures,13,24,7,85,Mrs. White,,44
Student 531,531,Object Oriented Programming,35,32,4,24,Mr. Smith,,71
Student 532,532,Python Programming,21,27,2,53,Dr. Brown,,50
Student 533,533,Data Structures,16,15,2,33,Mr. Smith,,33
Student 534,534,Python Programming,19,10,6,87,Miss Johnson,,35
Student 535,535,Discrete Structures,13,35,2,58,Mrs. White,,50
Student 536,536,Python Programming,38,37,7,35,Miss Johnson,,82
Student 537,537,Object Oriented Programming,33,18,4,89,Dr. Brown,,55
Student 538,538,Object Oriented Programming,12,18,4,82,Dr. Brown,,34
Student 539,539,Theory of Probability,22,15,0,48,Mrs. White,,37
Student 540,540,Abstract Algebra,20,35,6,96,Mr. Smith,,61
Student 541,541,Object Oriented Programming,10,31,2,50,Miss Johnson,,43
Student 542,542,Discrete Structures,32,22,4,98,Mr. Smith,,58
Student 543,543,Data Structures,25,12,6,73,Dr. Brown,,43
Student 544,544,Object Oriented Programming,25,37,7,71,Mr. Smith,,69
Student 545,545,Discrete Structures,33,13,2,49,Mrs. White,,48
Student 546,546,Abstract Algebra,14,32,7,54,Mr. Smith,,53
Student 547,547,Abstract Algebra,18,30,0,86,Mr. Smith,,48
Student 548,548,Python Programming,18,15,3,69,Mrs. White,,36
Student 549,549,Object Oriented Programming,36,10,5,29,Dr. Brown,,51
Student 550,550,Data Structures,26,38,2,55,Mr. Smith,,66
Student 551,551,Abstract Algebra,19,23,1,38,Mr. Smith,,43
Student 552,552,Discrete Structures,21,37,0,26,Mr. Smith,,58
Student 553,553,Discrete Structures,36,16,7,59,Mr. Smith,,59
Student 554,554,Discrete Structures,11,37,1,32,Mrs. White,,49
Student 555,555,Object Oriented Programming,27,22,4,64,Miss Johnson,,53
Student 556,556,Python Programming,12,32,0,68,Mrs. White,,44
Student 557,557,Abstract Algebra,38,37,3,26,Mr. Smith,,78
Student 558,558,Data Structures,25,34,3,98,Dr. Brown,,62
Student 559,559,Discrete Structures,29,26,5,89,Miss Johnson,,60
Student 560,560,Data Structures,10,12,2,43,Mr. Smith,,24
Student 561,561,Python Programming,28,32,0,79,Dr. Brown,,60
Student 562,562,Theory of Probability,14,18,5,65,Dr. Brown,,37
Student 563,563,Discrete Structures,38,19,7,41,Mrs. White,,64
Student 564,564,Discrete Structures,15,32,4,41,Miss Johnson,,51
Student 565,565,Object Oriented Programming,15,23,3,28,Mr. Smith,,41
Student 566,566,Object Oriented Programming,24,14,1,64,Mrs. White,,39
Student 567,567,Abstract Algebra,22,19,2,28,Mrs. White,,43
Student 568,568,Theory of Probability,21,36,0,55,Mrs. White,,57
Student 569,569,Data Structures,30,17,5,96,Dr. Brown,,52
Student 570,570,Discrete Structures,13,31,0,39,Miss Johnson,,44
Student 571,571,Discrete Structures,35,11,1,46,Mr. Smith,,47
Student 572,572,Data Structures,32,23,2,82,Mrs. White,,57
Student 573,573,Discrete Structures,28,14,3,44,Miss Johnson,,45
Student 574,574,Abstract Algebra,36,24,3,70,Mr. Smith,,63
Student 575,575,Abstract Algebra,26,26,5,50,Miss Johnson,,57
Student 576,576,Abstract Algebra,23,37,5,58,Dr. Brown,,65
Student 577,577,Object Oriented Programming,28,33,4,46,Mrs. White,,65
Student 578,578,Object Oriented Programming,13,34,0,73,Dr. Brown,,47
Student 579,579,Discrete Structures,27,34,0,59,Miss Johnson,,61
Student 580,580,Abstract Algebra,19,23,1,72,Mr. Smith,,43
Student 581,581,Python Programming,16,12,5,66,Miss Johnson,,33
Student 582,582,Object Oriented Programming,22,28,7,94,Mr. Smith,,57
Student 583,583,Data Structures,37,21,3,28,Mr. Smith,,61
Student 584,584,Data Structures,20,39,0,33,Mr. Smith,,59
Student 585,585,Abstract Algebra,32,17,3,84,Mr. Smith,,52
Student 586,586,Discrete Structures,25,34,5,81,Miss Johnson,,64
Student 587,587,Discrete Structures,38,22,1,58,Miss Johnson,,61
Student 588,588,Discrete Structures,12,21,2,97,Mrs. White,,35
Student 589,589,Object Oriented Programming,19,10,2,69,Mr. Smith,,31
Student 590,590,Discrete Structures,19,34,4,93,Mr. Smith,,57
Student 591,591,Abstract Algebra,14,30,4,96,Dr. Brown,,48
Student 592,592,Object Oriented Programming,19,19,1,80,Mr. Smith,,39
Student 593,593,Theory of Probability,21,27,2,28,Miss Johnson,,50
Student 594,594,Theory of Probability,15,35,6,63,Dr. Brown,,56
Student 595,595,Python Programming,18,36,1,73,Mr. Smith,,55
Student 596,596,Abstract Algebra,12,28,0,87,Miss Johnson,,40
Student 597,597,Discrete Structures,32,31,0,80,Dr. Brown,,63
Student 598,598,Python Programming,17,24,0,70,Miss Johnson,,41
Student 599,599,Data Structures,37,20,0,48,Mrs. White,,57
Student 600,600,Abstract Algebra,21,14,4,58,Dr. Brown,,39
Student 601,601,Theory of Probability,31,20,1,34,Mrs. White,,52
Student 602,602,Python Programming,27,20,0,43,Mrs. White,,47
Student 603,603,Object Oriented Programming,15,13,4,75,Mrs. White,,32
Student 604,604,Object Oriented Programming,10,28,0,55,Dr. Brown,,38
Student 605,605,Abstract Algebra,11,19,4,48,Mrs. White,,34
Student 606,606,Object Oriented Programming,38,20,4,28,Mr. Smith,,62
Student 607,607,Data Structures,12,31,3,77,Mr. Smith,,46
Student 608,608,Abstract Algebra,26,37,7,26,Mr. Smith,,70
Student 609,609,Abstract Algebra,33,17,3,57,Miss Johnson,,53
Student 610,610,Python Programming,14,34,4,91,Mr. Smith,,52
Student 611,611,Discrete Structures,10,12,2,72,Miss Johnson,,24
Student 612,612,Object Oriented Programming,30,16,5,66,Mr. Smith,,51
Student 613,613,Object Oriented Programming,20,19,5,23,Miss Johnson,,44
Student 614,614,Python Programming,13,32,7,80,Dr. Brown,,52
Student 615,615,Discrete Structures,38,32,7,90,Mr. Smith,,77
Student 616,616,Data Structures,12,35,5,62,Mrs. White,,52
Student 617,617,Abstract Algebra,12,14,2,38,Mr. Smith,,28
Student 618,618,Python Programming,11,15,7,98,Mr. Smith,,33
Student 619,619,Data Structures,10,25,0,82,Dr. Brown,,35
Student 620,620,Object Oriented Programming,34,17,2,57,Dr. Brown,,53
Student 621,621,Python Programming,37,25,6,76,Mrs. White,,68
Student 622,622,Theory of Probability,18,16,2,47,Mr. Smith,,36
Student 623,623,Discrete Structures,16,26,4,52,Dr. Brown,,46
Student 624,624,Data Structures,36,31,1,64,Mr. Smith,,68
Student 625,625,Data Structures,26,23,4,63,Miss Johnson,,53
Student 626,626,Theory of Probability,29,12,7,42,Mr. Smith,,48
Student 627,627,Abstract Algebra,20,32,4,93,Mrs. White,,56
Student 628,628,Abstract Algebra,38,17,5,51,Miss Johnson,,60
Student 629,629,Data Structures,33,22,6,95,Mrs. White,,61
Student 630,630,Python Programming,23,34,1,73,Miss Johnson,,58
Student 631,631,Discrete Structures,10,39,1,74,Mr. Smith,,50
Student 632,632,Object Oriented Programming,28,22,4,35,Mrs. White,,54
Student 633,633,Data Structures,13,15,4,63,Mr. Smith,,32
Student 634,634,Python Programming,11,10,3,83,Mrs. White,,24
Student 635,635,Python Programming,24,17,0,39,Miss Johnson,,41
Student 636,636,Theory of Probability,13,39,3,96,Miss Johnson,,55
Student 637,637,Python Programming,32,22,1,48,Dr. Brown,,55
Student 638,638,Python Programming,25,38,7,83,Dr. Brown,,70
Student 639,639,Discrete Structures,24,28,7,22,Mr. Smith,,59
Student 640,640,Abstract Algebra,13,31,0,29,Dr. Brown,,44
Student 641,641,Object Oriented Programming,36,24,4,46,Mr. Smith,,64
Student 642,642,Data Structures,27,32,2,94,Mr. Smith,,61
Student 643,643,Abstract Algebra,21,29,4,65,Mrs. White,,54
Student 644,644,Python Programming,15,12,0,85,Dr. Brown,,27
Student 645,645,Discrete Structures,36,28,5,60,Mr. Smith,,69
Student 646,646,Python Programming,20,26,6,75,Mrs. White,,52
Student 647,647,Discrete Structures,23,35,2,90,Mr. Smith,,60
Student 648,648,Python Programming,34,20,4,58,Mr. Smith,,58
Student 649,649,Data Structures,19,10,0,44,Dr. Brown,,29
Student 650,650,Theory of Probability,25,26,3,72,Mr. Smith,,54
Student 651,651,Python Programming,32,38,7,57,Dr. Brown,,77
Student 652,652,Theory of Probability,28,35,2,67,Dr. Brown,,65
Student 653,653,Abstract Algebra,35,24,7,81,Dr. Brown,,66
Student 654,654,Abstract Algebra,28,21,0,33,Mrs. White,,49
Student 655,655,Theory of Probability,33,24,1,25,Dr. Brown,,58
Student 656,656,Data Structures,29,21,1,51,Miss Johnson,,51
Student 657,657,Data Structures,24,21,5,67,Mr. Smith,,50
Student 658,658,Theory of Probability,37,18,3,24,Miss Johnson,,58
Student 659,659,Object Oriented Programming,37,30,1,47,Dr. Brown,,68
Student 660,660,Python Programming,21,18,0,61,Miss Johnson,,39
Student 661,661,Object Oriented Programming,12,22,5,94,Dr. Brown,,39
Student 662,662,Object Oriented Programming,21,14,2,68,Mrs. White,,37
Student 663,663,Discrete Structures,15,19,3,26,Miss Johnson,,37
Student 664,664,Object Oriented Programming,34,37,4,39,Dr. Brown,,75
Student 665,665,Python Programming,30,10,7,33,Mr. Smith,,47
Student 666,666,Data Structures,25,33,6,99,Mr. Smith,,64
Student 667,667,Theory of Probability,31,11,4,70,Mrs. White,,46
Student 668,668,Theory of Probability,26,21,7,47,Dr. Brown,,54
Student 669,669,Data Structures,25,28,4,85,Dr. Brown,,57
Student 670,670,Object Oriented Programming,16,38,0,32,Dr. Brown,,54
Student 671,671,Data Structures,28,14,4,62,Mr. Smith,,46
Student 672,672,Python Programming,21,10,6,20,Mr. Smith,,37
Student 673,673,Object Oriented Programming,33,11,4,64,Mr. Smith,,48
Student 674,674,Python Programming,14,33,3,24,Dr. Brown,,50
Student 675,675,Theory of Probability,21,12,5,85,Dr. Brown,,38
Student 676,676,Abstract Algebra,38,17,1,91,Mr. Smith,,56
Student 677,677,Abstract Algebra,17,14,7,55,Miss Johnson,,38
Student 678,678,Python Programming,23,25,4,20,Miss Johnson,,52
Student 679,679,Python Programming,25,31,1,33,Miss Johnson,,57
Student 680,680,Data Structures,29,35,4,52,Mrs. White,,68
Student 681,681,Abstract Algebra,16,27,0,21,Mrs. White,,43
Student 682,682,Data Structures,25,38,4,68,Mrs. White,,67
Student 683,683,Discrete Structures,24,39,3,56,Mr. Smith,,66
Student 684,684,Abstract Algebra,23,23,5,86,Mr. Smith,,51
Student 685,685,Data Structures,23,35,4,52,Mrs. White,,62
Student 686,686,Data Structures,27,18,6,95,Mr. Smith,,51
Student 687,687,Object Oriented Programming,18,35,1,85,Mr. Smith,,54
Student 688,688,Python Programming,27,20,7,51,Dr. Brown,,54
Student 689,689,Abstract Algebra,25,20,0,90,Mrs. White,,45
Student 690,690,Abstract Algebra,19,24,3,42,Mr. Smith,,46
Student 691,691,Abstract Algebra,28,31,1,60,Mr. Smith,,60
Student 692,692,Abstract Algebra,32,26,0,22,Mrs. White,,58
Student 693,693,Data Structures,17,23,0,37,Miss Johnson,,40
Student 694,694,Data Structures,27,16,5,69,Mrs. White,,48
Student 695,695,Python Programming,23,35,3,38,Miss Johnson,,61
Student 696,696,Abstract Algebra,30,34,1,77,Dr. Brown,,65
Student 697,697,Discrete Structures,22,34,3,25,Miss Johnson,,59
Student 698,698,Object Oriented Programming,15,22,7,38,Dr. Brown,,44
Student 699,699,Abstract Algebra,34,22,0,85,Mrs. White,,56
Student 700,700,Theory of Probability,37,37,5,94,Miss Johnson,,79
Student 701,701,Object Oriented Programming,23,10,7,54,Mrs. White,,40
Student 702,702,Discrete Structures,11,14,3,46,Dr. Brown,,28
Student 703,703,Theory of Probability,32,24,2,46,Mrs. White,,58
Student 704,704,Object Oriented Programming,21,39,3,72,Mrs. White,,63
Student 705,705,Data Structures,17,34,3,29,Mrs. White,,54
Student 706,706,Discrete Structures,20,32,7,38,Mr. Smith,,59
Student 707,707,Theory of Probability,13,25,4,78,Miss Johnson,,42
Student 708,708,Theory of Probability,35,14,2,97,Miss Johnson,,51
Student 709,709,Discrete Structures,34,14,6,23,Miss Johnson,,54
Student 710,710,Data Structures,37,12,7,26,Miss Johnson,,56
Student 711,711,Theory of Probability,24,18,5,27,Mrs. White,,47
Student 712,712,Data Structures,29,17,4,79,Mrs. White,,50
Student 713,713,Abstract Algebra,11,36,7,63,Miss Johnson,,54
Student 714,714,Python Programming,33,19,1,47,Mr. Smith,,53
Student 715,715,Discrete Structures,14,19,5,23,Dr. Brown,,38
Student 716,716,Data Structures,37,25,1,43,Mrs. White,,63
Student 717,717,Theory of Probability,25,17,0,38,Dr. Brown,,42
Student 718,718,Python Programming,23,14,6,91,Mrs. White,,43
Student 719,719,Data Structures,34,29,7,94,Dr. Brown,,70
Student 720,720,Discrete Structures,20,10,4,43,Mrs. White,,34
Student 721,721,Abstract Algebra,26,38,0,34,Mrs. White,,64
Student 722,722,Discrete Structures,21,18,4,40,Mr. Smith,,43
Student 723,723,Abstract Algebra,31,30,7,67,Mrs. White,,68
Student 724,724,Python Programming,14,29,0,55,Mr. Smith,,43
Student 725,725,Object Oriented Programming,16,28,7,21,Mrs. White,,51
Student 726,726,Abstract Algebra,16,27,7,48,Dr. Brown,,50
Student 727,727,Discrete Structures,20,27,2,67,Dr. Brown,,49
Student 728,728,Discrete Structures,34,13,1,91,Mrs. White,,48
Student 729,729,Python Programming,25,35,5,92,Mr. Smith,,65
Student 730,730,Python Programming,38,25,2,47,Dr. Brown,,65
Student 731,731,Abstract Algebra,33,11,2,92,Mrs. White,,46
Student 732,732,Object Oriented Programming,14,21,7,31,Miss Johnson,,42
Student 733,733,Abstract Algebra,25,20,7,22,Dr. Brown,,52
Student 734,734,Abstract Algebra,13,11,6,22,Mrs. White,,30
Student 735,735,Object Oriented Programming,25,37,5,22,Dr. Brown,,67
Student 736,736,Theory of Probability,34,36,4,21,Mrs. White,,74
Student 737,737,Theory of Probability,33,27,7,92,Miss Johnson,,67
Student 738,738,Abstract Algebra,26,12,4,26,Mrs. White,,42
Student 739,739,Python Programming,23,13,5,45,Dr. Brown,,41
Student 740,740,Data Structures,36,19,3,97,Mr. Smith,,58
Student 741,741,Abstract Algebra,28,16,6,68,Dr. Brown,,50
Student 742,742,Abstract Algebra,17,37,0,81,Mrs. White,,54
Student 743,743,Theory of Probability,36,31,7,46,Dr. Brown,,74
Student 744,744,Theory of Probability,30,11,5,42,Mr. Smith,,46
Student 745,745,Abstract Algebra,30,33,0,46,Miss Johnson,,63
Student 746,746,Data Structures,11,10,6,98,Mr. Smith,,27
Student 747,747,Theory of Probability,23,10,1,50,Mrs. White,,34
Student 748,748,Theory of Probability,35,29,1,72,Dr. Brown,,65
Student 749,749,Object Oriented Programming,29,28,2,39,Mrs. White,,59
Student 750,750,Python Programming,18,17,7,90,Dr. Brown,,42
Student 751,751,Object Oriented Programming,32,16,3,43,Dr. Brown,,51
Student 752,752,Abstract Algebra,29,17,6,61,Mr. Smith,,52
Student 753,753,Python Programming,21,24,5,35,Mrs. White,,50
Student 754,754,Python Programming,30,23,0,26,Mrs. White,,53
Student 755,755,Object Oriented Programming,33,23,3,61,Mrs. White,,59
Student 756,756,Abstract Algebra,20,34,4,33,Dr. Brown,,58
Student 757,757,Discrete Structures,21,32,5,62,Mr. Smith,,58
Student 758,758,Data Structures,18,13,1,73,Mr. Smith,,32
Student 759,759,Object Oriented Programming,23,13,3,41,Miss Johnson,,39
Student 760,760,Data Structures,19,18,5,24,Dr. Brown,,42
Student 761,761,Discrete Structures,10,34,6,42,Miss Johnson,,50
Student 762,762,Data Structures,26,21,7,58,Dr. Brown,,54
Student 763,763,Data Structures,37,28,3,30,Dr. Brown,,68
Student 764,764,Python Programming,36,14,0,65,Miss Johnson,,50
Student 765,765,Discrete Structures,20,25,3,63,Dr. Brown,,48
Student 766,766,Abstract Algebra,12,29,5,92,Miss Johnson,,46
Student 767,767,Data Structures,39,17,4,84,Mrs. White,,60
Student 768,768,Python Programming,33,16,5,87,Miss Johnson,,54
Student 769,769,Python Programming,13,15,6,26,Mrs. White,,34
Student 770,770,Abstract Algebra,39,10,7,50,Mrs. White,,56
Student 771,771,Discrete Structures,10,33,4,91,Mrs. White,,47
Student 772,772,Python Programming,39,14,7,84,Miss Johnson,,60
Student 773,773,Object Oriented Programming,36,21,3,31,Miss Johnson,,60
Student 774,774,Discrete Structures,13,20,2,55,Dr. Brown,,35
Student 775,775,Object Oriented Programming,23,21,3,69,Mrs. White,,47
Student 776,776,Abstract Algebra,21,32,7,78,Dr. Brown,,60
Student 777,777,Abstract Algebra,12,23,6,78,Mrs. White,,41
Student 778,778,Python Programming,25,29,1,35,Dr. Brown,,55
Student 779,779,Object Oriented Programming,33,37,5,56,Mrs. White,,75
Student 780,780,Theory of Probability,26,13,4,51,Mrs. White,,43
Student 781,781,Data Structures,35,24,4,68,Mr. Smith,,63
Student 782,782,Abstract Algebra,28,28,3,61,Mr. Smith,,59
Student 783,783,Discrete Structures,32,28,5,48,Mrs. White,,65
Student 784,784,Theory of Probability,34,17,1,59,Dr. Brown,,52
Student 785,785,Theory of Probability,13,28,3,38,Mr. Smith,,44
Student 786,786,Abstract Algebra,33,30,3,60,Mr. Smith,,66
Student 787,787,Theory of Probability,34,38,2,25,Mr. Smith,,74
Student 788,788,Discrete Structures,12,28,6,38,Miss Johnson,,46
Student 789,789,Data Structures,27,16,3,22,Mrs. White,,46
Student 790,790,Abstract Algebra,24,35,3,94,Mr. Smith,,62
Student 791,791,Object Oriented Programming,12,15,2,49,Miss Johnson,,29
Student 792,792,Data Structures,19,15,6,28,Mr. Smith,,40
Student 793,793,Data Structures,39,39,2,46,Miss Johnson,,80
Student 794,794,Discrete Structures,37,16,1,39,Dr. Brown,,54
Student 795,795,Python Programming,36,16,0,77,Mrs. White,,52
Student 796,796,Abstract Algebra,18,13,4,66,Mrs. White,,35
Student 797,797,Python Programming,19,26,7,36,Dr. Brown,,52
Student 798,798,Abstract Algebra,23,16,4,69,Dr. Brown,,43
Student 799,799,Abstract Algebra,12,33,1,20,Dr. Brown,,46
Student 800,800,Discrete Structures,34,31,6,93,Mr. Smith,,71
Student 801,801,Python Programming,24,15,5,68,Mrs. White,,44
Student 802,802,Data Structures,23,17,5,33,Mr. Smith,,45
Student 803,803,Object Oriented Programming,21,20,0,29,Miss Johnson,,41
Student 804,804,Python Programming,29,36,5,30,Miss Johnson,,70
Student 805,805,Object Oriented Programming,26,12,3,36,Dr. Brown,,41
Student 806,806,Python Programming,13,35,0,98,Miss Johnson,,48
Student 807,807,Data Structures,34,13,1,36,Miss Johnson,,48
Student 808,808,Theory of Probability,15,30,2,31,Mr. Smith,,47
Student 809,809,Theory of Probability,34,32,6,92,Dr. Brown,,72
Student 810,810,Python Programming,23,38,1,38,Dr. Brown,,62
Student 811,811,Data Structures,38,22,1,25,Mr. Smith,,61
Student 812,812,Discrete Structures,12,26,2,53,Mrs. White,,40
Student 813,813,Abstract Algebra,12,14,7,55,Dr. Brown,,33
Student 814,814,Python Programming,37,25,3,63,Miss Johnson,,65
Student 815,815,Abstract Algebra,23,17,4,80,Mr. Smith,,44
Student 816,816,Discrete Structures,19,30,3,27,Dr. Brown,,52
Student 817,817,Theory of Probability,20,21,1,30,Miss Johnson,,42
Student 818,818,Discrete Structures,10,34,6,43,Mr. Smith,,50
Student 819,819,Discrete Structures,13,37,3,61,Mr. Smith,,53
Student 820,820,Discrete Structures,16,38,5,47,Miss Johnson,,59
Student 821,821,Theory of Probability,39,31,6,43,Miss Johnson,,76
Student 822,822,Data Structures,27,26,6,41,Miss Johnson,,59
Student 823,823,Python Programming,30,34,1,22,Dr. Brown,,65
Student 824,824,Abstract Algebra,16,13,5,35,Mr. Smith,,34
Student 825,825,Discrete Structures,39,39,4,47,Dr. Brown,,82
Student 826,826,Object Oriented Programming,38,24,5,60,Miss Johnson,,67
Student 827,827,Discrete Structures,21,15,6,75,Miss Johnson,,42
Student 828,828,Discrete Structures,19,28,7,52,Mrs. White,,54
Student 829,829,Discrete Structures,10,30,3,32,Mr. Smith,,43
Student 830,830,Data Structures,36,37,5,66,Mrs. White,,78
Student 831,831,Object Oriented Programming,10,10,6,58,Mrs. White,,26
Student 832,832,Data Structures,18,16,1,81,Miss Johnson,,35
Student 833,833,Abstract Algebra,15,38,7,61,Miss Johnson,,60
Student 834,834,Discrete Structures,18,17,1,28,Mrs. White,,36
Student 835,835,Discrete Structures,19,24,4,81,Dr. Brown,,47
Student 836,836,Discrete Structures,22,21,3,70,Mr. Smith,,46
Student 837,837,Abstract Algebra,26,10,0,64,Dr. Brown,,36
Student 838,838,Theory of Probability,10,22,0,61,Mr. Smith,,32
Student 839,839,Discrete Structures,23,37,2,87,Mr. Smith,,62
Student 840,840,Data Structures,22,14,1,26,Mr. Smith,,37
Student 841,841,Discrete Structures,11,14,4,80,Dr. Brown,,29
Student 842,842,Discrete Structures,18,28,5,62,Mr. Smith,,51
Student 843,843,Theory of Probability,14,24,0,87,Dr. Brown,,38
Student 844,844,Python Programming,12,11,1,74,Dr. Brown,,24
Student 845,845,Object Oriented Programming,29,17,6,33,Mr. Smith,,52
Student 846,846,Theory of Probability,35,24,1,27,Dr. Brown,,60
Student 847,847,Discrete Structures,33,39,0,53,Miss Johnson,,72
Student 848,848,Discrete Structures,31,33,2,68,Mrs. White,,66
Student 849,849,Python Programming,30,38,6,73,Dr. Brown,,74
Student 850,850,Theory of Probability,23,37,5,33,Mr. Smith,,65
Student 851,851,Python Programming,15,12,3,36,Mrs. White,,30
Student 852,852,Abstract Algebra,17,31,4,40,Dr. Brown,,52
Student 853,853,Object Oriented Programming,38,36,2,63,Dr. Brown,,76
Student 854,854,Theory of Probability,37,35,5,34,Mr. Smith,,77
Student 855,855,Discrete Structures,34,30,3,55,Dr. Brown,,67
Student 856,856,Object Oriented Programming,18,22,0,95,Miss Johnson,,40
Student 857,857,Python Programming,16,32,4,35,Mr. Smith,,52
Student 858,858,Theory of Probability,11,13,3,35,Dr. Brown,,27
Student 859,859,Data Structures,15,35,2,68,Mrs. White,,52
Student 860,860,Abstract Algebra,11,24,2,43,Mrs. White,,37
Student 861,861,Python Programming,23,27,6,33,Mr. Smith,,56
Student 862,862,Theory of Probability,19,16,5,85,Dr. Brown,,40
Student 863,863,Data Structures,27,22,5,46,Mrs. White,,54
Student 864,864,Object Oriented Programming,37,35,7,51,Mrs. White,,79
Student 865,865,Abstract Algebra,35,28,6,93,Dr. Brown,,69
Student 866,866,Abstract Algebra,24,17,5,93,Mr. Smith,,46
Student 867,867,Abstract Algebra,32,13,1,76,Miss Johnson,,46
Student 868,868,Discrete Structures,11,32,1,53,Miss Johnson,,44
Student 869,869,Abstract Algebra,17,11,3,59,Miss Johnson,,31
Student 870,870,Discrete Structures,26,37,6,79,Miss Johnson,,69
Student 871,871,Abstract Algebra,24,34,2,98,Miss Johnson,,60
Student 872,872,Discrete Structures,32,25,2,98,Miss Johnson,,59
Student 873,873,Python Programming,39,38,0,68,Mr. Smith,,77
Student 874,874,Python Programming,36,33,7,77,Mrs. White,,76
Student 875,875,Discrete Structures,19,33,2,73,Miss Johnson,,54
Student 876,876,Python Programming,11,39,0,69,Mr. Smith,,50
Student 877,877,Data Structures,23,28,3,48,Dr. Brown,,54
Student 878,878,Object Oriented Programming,34,30,6,31,Dr. Brown,,70
Student 879,879,Discrete Structures,37,18,0,92,Dr. Brown,,55
Student 880,880,Data Structures,31,31,7,98,Mr. Smith,,69
Student 881,881,Abstract Algebra,33,31,0,97,Mrs. White,,64
Student 882,882,Theory of Probability,36,17,6,50,Mrs. White,,59
Student 883,883,Theory of Probability,34,31,2,28,Dr. Brown,,67
Student 884,884,Data Structures,27,36,3,42,Dr. Brown,,66
Student 885,885,Python Programming,16,32,3,59,Miss Johnson,,51
Student 886,886,Abstract Algebra,20,18,7,33,Mr. Smith,,45
Student 887,887,Discrete Structures,27,15,0,82,Miss Johnson,,42
Student 888,888,Python Programming,38,30,6,52,Dr. Brown,,74
Student 889,889,Theory of Probability,36,11,5,33,Mr. Smith,,52
Student 890,890,Theory of Probability,38,22,6,95,Dr. Brown,,66
Student 891,891,Data Structures,27,33,5,75,Mrs. White,,65
Student 892,892,Theory of Probability,21,35,1,58,Dr. Brown,,57
Student 893,893,Data Structures,33,31,2,93,Mr. Smith,,66
Student 894,894,Abstract Algebra,23,24,5,96,Miss Johnson,,52
Student 895,895,Object Oriented Programming,27,21,2,88,Mr. Smith,,50
Student 896,896,Abstract Algebra,20,22,7,86,Mrs. White,,49
Student 897,897,Python Programming,20,26,1,91,Miss Johnson,,47
Student 898,898,Data Structures,17,36,4,35,Mrs. White,,57
Student 899,899,Python Programming,20,14,2,91,Mr. Smith,,36
Student 900,900,Data Structures,27,35,2,75,Mrs. White,,64
Student 901,901,Abstract Algebra,30,17,5,20,Miss Johnson,,52
Student 902,902,Python Programming,18,22,6,46,Dr. Brown,,46
Student 903,903,Object Oriented Programming,16,26,7,30,Dr. Brown,,49
Student 904,904,Python Programming,30,24,5,98,Mrs. White,,59
Student 905,905,Theory of Probability,33,28,5,77,Mrs. White,,66
Student 906,906,Discrete Structures,25,34,3,51,Mrs. White,,62
Student 907,907,Discrete Structures,13,27,0,98,Dr. Brown,,40
Student 908,908,Python Programming,12,21,7,39,Miss Johnson,,40
Student 909,909,Discrete Structures,25,31,5,67,Mrs. White,,61
Student 910,910,Python Programming,10,21,2,91,Dr. Brown,,33
Student 911,911,Python Programming,10,27,2,91,Miss Johnson,,39
Student 912,912,Discrete Structures,27,26,3,51,Mrs. White,,56
Student 913,913,Python Programming,19,26,1,90,Mrs. White,,46
Student 914,914,Discrete Structures,38,32,0,45,Miss Johnson,,70
Student 915,915,Abstract Algebra,38,28,1,65,Miss Johnson,,67
Student 916,916,Python Programming,39,39,7,98,Mrs. White,,85
Student 917,917,Object Oriented Programming,31,29,1,76,Mrs. White,,61
Student 918,918,Data Structures,37,20,4,46,Mrs. White,,61
Student 919,919,Abstract Algebra,33,22,6,48,Mr. Smith,,61
Student 920,920,Discrete Structures,13,11,0,24,Mrs. White,,24
Student 921,921,Data Structures,18,26,4,77,Dr. Brown,,48
Student 922,922,Python Programming,22,17,3,93,Mr. Smith,,42
Student 923,923,Data Structures,15,39,3,25,Mr. Smith,,57
Student 924,924,Theory of Probability,26,33,6,75,Mrs. White,,65
Student 925,925,Python Programming,33,28,6,80,Mr. Smith,,67
Student 926,926,Object Oriented Programming,23,22,4,87,Mrs. White,,49
Student 927,927,Python Programming,23,35,5,25,Mrs. White,,63
Student 928,928,Object Oriented Programming,36,21,2,93,Mrs. White,,59
Student 929,929,Discrete Structures,12,28,2,91,Miss Johnson,,42
Student 930,930,Abstract Algebra,29,20,4,26,Dr. Brown,,53
Student 931,931,Theory of Probability,39,25,4,57,Miss Johnson,,68
Student 932,932,Discrete Structures,23,34,2,88,Dr. Brown,,59
Student 933,933,Data Structures,12,15,5,35,Dr. Brown,,32
Student 934,934,Object Oriented Programming,19,29,4,90,Mr. Smith,,52
Student 935,935,Discrete Structures,14,10,4,28,Mrs. White,,28
Student 936,936,Theory of Probability,12,37,7,86,Mrs. White,,56
Student 937,937,Abstract Algebra,18,18,6,68,Dr. Brown,,42
Student 938,938,Theory of Probability,25,23,1,77,Miss Johnson,,49
Student 939,939,Abstract Algebra,22,27,3,78,Dr. Brown,,52
Student 940,940,Theory of Probability,23,32,5,75,Dr. Brown,,60
Student 941,941,Abstract Algebra,16,23,7,38,Miss Johnson,,46
Student 942,942,Python Programming,39,38,1,34,Mr. Smith,,78
Student 943,943,Theory of Probability,34,29,3,76,Dr. Brown,,66
Student 944,944,Python Programming,16,32,4,94,Miss Johnson,,52
Student 945,945,Abstract Algebra,27,19,2,77,Dr. Brown,,48
Student 946,946,Discrete Structures,33,35,3,30,Mr. Smith,,71
Student 947,947,Theory of Probability,26,20,1,91,Miss Johnson,,47
Student 948,948,Theory of Probability,10,31,3,35,Mr. Smith,,44
Student 949,949,Discrete Structures,27,13,1,47,Dr. Brown,,41
Student 950,950,Python Programming,30,12,1,69,Miss Johnson,,43
Student 951,951,Discrete Structures,33,10,5,51,Mr. Smith,,48
Student 952,952,Discrete Structures,11,14,3,57,Dr. Brown,,28
Student 953,953,Abstract Algebra,33,19,6,32,Mrs. White,,58
Student 954,954,Python Programming,33,24,7,89,Miss Johnson,,64
Student 955,955,Theory of Probability,38,28,6,96,Miss Johnson,,72
Student 956,956,Object Oriented Programming,11,17,1,22,Mrs. White,,29
Student 957,957,Python Programming,10,23,3,30,Mr. Smith,,36
Student 958,958,Python Programming,24,37,2,56,Miss Johnson,,63
Student 959,959,Object Oriented Programming,19,36,5,88,Dr. Brown,,60
Student 960,960,Python Programming,33,11,0,97,Dr. Brown,,44
Student 961,961,Discrete Structures,18,19,4,62,Mr. Smith,,41
Student 962,962,Data Structures,22,10,0,66,Dr. Brown,,32
Student 963,963,Python Programming,21,19,3,62,Dr. Brown,,43
Student 964,964,Theory of Probability,36,23,6,82,Mr. Smith,,65
Student 965,965,Theory of Probability,37,11,3,59,Mr. Smith,,51
Student 966,966,Python Programming,30,15,1,27,Mr. Smith,,46
Student 967,967,Discrete Structures,20,12,2,25,Mr. Smith,,34
Student 968,968,Data Structures,27,13,4,52,Mr. Smith,,44
Student 969,969,Object Oriented Programming,24,19,2,90,Mrs. White,,45
Student 970,970,Discrete Structures,19,33,6,85,Mrs. White,,58
Student 971,971,Object Oriented Programming,33,32,5,31,Mrs. White,,70
Student 972,972,Discrete Structures,12,21,5,96,Dr. Brown,,38
Student 973,973,Python Programming,32,21,1,66,Dr. Brown,,54
Student 974,974,Theory of Probability,16,34,1,32,Mr. Smith,,51
Student 975,975,Object Oriented Programming,33,33,1,35,Dr. Brown,,67
Student 976,976,Discrete Structures,35,20,2,97,Dr. Brown,,57
Student 977,977,Discrete Structures,35,20,1,83,Miss Johnson,,56
Student 978,978,Theory of Probability,17,28,0,62,Mrs. White,,45
Student 979,979,Theory of Probability,18,13,3,51,Miss Johnson,,34
Student 980,980,Abstract Algebra,37,13,6,51,Mrs. White,,56
Student 981,981,Python Programming,19,23,2,37,Dr. Brown,,44
Student 982,982,Object Oriented Programming,11,13,0,36,Mrs. White,,24
Student 983,983,Python Programming,39,10,4,97,Dr. Brown,,53
Student 984,984,Object Oriented Programming,20,37,5,73,Dr. Brown,,62
Student 985,985,Discrete Structures,34,32,0,68,Miss Johnson,,66
Student 986,986,Discrete Structures,39,13,3,29,Mrs. White,,55
Student 987,987,Object Oriented Programming,20,22,4,36,Dr. Brown,,46
Student 988,988,Abstract Algebra,19,19,5,92,Dr. Brown,,43
Student 989,989,Discrete Structures,32,32,0,92,Miss Johnson,,64
Student 990,990,Discrete Structures,38,14,2,92,Mr. Smith,,54
Student 991,991,Theory of Probability,23,32,6,44,Dr. Brown,,61
Student 992,992,Data Structures,11,24,3,32,Mrs. White,,38
Student 993,993,Discrete Structures,25,21,4,45,Mr. Smith,,50
Student 994,994,Python Programming,15,20,1,85,Mrs. White,,36
Student 995,995,Python Programming,20,38,1,57,Dr. Brown,,59
Student 996,996,Theory of Probability,23,17,6,30,Dr. Brown,,46
Student 997,997,Data Structures,20,32,5,86,Dr. Brown,,57
Student 998,998,Python Programming,12,23,2,86,Dr. Brown,,37
Student 999,999,Discrete Structures,22,13,2,54,Mr. Smith,,37
Student 1000,1000,Data Structures,22,33,0,76,Miss Johnson,,55
